Title,Author,Publication Date,Location,URL,Anger[0],Anger[1],Anger[2],Anger[3],Anger[4],Disgust[0],Disgust[1],Disgust[2],Disgust[3],Disgust[4],Fear[0],Fear[1],Fear[2],Fear[3],Fear[4],Joy[0],Joy[1],Joy[2],Joy[3],Joy[4],Sadness[0],Sadness[1],Sadness[2],Sadness[3],Sadness[4]
The Lost Princess of Oz,L. Frank Baum,1917,United States,http://www.loyalbooks.com/download/text/The-Lost-Princess-of-Oz-by-L-Frank-Baum.txt,0.490267,0.158471,0.134827,0.486336,0.157258,0.12587,0.128933,0.111043,0.419014,0.155822,0.162882,0.487716,0.132921,0.583976,0.108211,0.607961,0.572974,0.560261,0.527228,0.620313,0.525526,0.503518,0.49415,0.521364,0.566521
The Narrative of Arthur Gordon Pym of Nantucket,Edgar Allan Poe,1838,United States,http://www.loyalbooks.com/download/text/Narrative-of-Arthur-Gordon-Pym.txt,0.132285,0.152376,0.122572,0.145164,0.102895,0.100256,0.126744,0.478323,0.133326,0.483914,0.501535,0.186883,0.495677,0.61818,0.136907,0.55953,0.528849,0.538163,0.593257,0.604823,0.532063,0.498238,0.556311,0.532721,0.171054
The Interpretation of Dreams,Sigmund Freud,1913,Austria,http://www.loyalbooks.com/download/text/Dream-Psychology-by-Sigmund-Freud.txt,0.12279,0.462127,0.105454,0.10011,0.093676,0.066691,0.053535,0.089305,0.050342,0.054631,0.112341,0.10385,0.144493,0.585665,0.119777,0.606988,0.606736,0.59405,0.551409,0.647207,0.500934,0.514563,0.530588,0.515261,0.467748
The Gambler,Fyodor Dostoyevsky,1867,Russia,http://www.loyalbooks.com/download/text/Gambler-Fyodor-Dostoyevsky.txt,0.158221,0.147837,0.122447,0.171033,0.153061,0.113207,0.109538,0.105363,0.130698,0.095503,0.13787,0.562742,0.13556,0.142344,0.570469,0.511857,0.542839,0.534704,0.521412,0.530897,0.539738,0.556357,0.596681,0.57709,0.553669
Riders of the Purple Sage,Zane Grey,1912,United States,http://www.loyalbooks.com/download/text/Riders-of-the-Purple-Sage-by-Zane-Grey.txt,0.153707,0.153025,0.12629,0.576552,0.089335,0.111557,0.101829,0.086219,0.137442,0.087351,0.151746,0.566305,0.144804,0.592206,0.107424,0.601843,0.479994,0.604365,0.539932,0.575275,0.572169,0.577074,0.556889,0.587516,0.208745
A Christmas Carol,Charles Dickens,1843,England,http://www.loyalbooks.com/download/text/A-Christmas-Carol-by-Charles-Dickens.txt,0.130364,0.114896,0.111442,0.121656,0.163283,0.127332,0.101418,0.103722,0.458614,0.111257,0.521772,0.152774,0.499963,0.114502,0.104338,0.503812,0.56514,0.598173,0.576922,0.593547,0.576275,0.49861,0.519366,0.589105,0.562935
Andrew Lang's Fairy Books,Andrew Lang,1889,null,http://www.loyalbooks.com/download/text/The-Blue-Fairy-Book-by-Andrew-Lang.txt,0.568852,0.139977,0.118951,0.162367,0.167142,0.094128,0.105235,0.105528,0.172822,0.092242,0.113512,0.153255,0.133662,0.184002,0.499687,0.625238,0.609292,0.63159,0.545237,0.568039,0.551871,0.49959,0.581524,0.598877,0.557178
Arthur Mervyn,Charles Brockden Brown,1799,United States,http://www.loyalbooks.com/download/text/Arthur-Mervyn-by-Charles-Brockden-Brown.txt,0.113449,0.139426,0.535766,0.558232,0.483537,0.098395,0.105215,0.147573,0.095173,0.148349,0.13663,0.557134,0.156899,0.138857,0.124212,0.53693,0.474168,0.544881,0.579141,0.56579,0.243104,0.600003,0.535694,0.511299,0.539309
Ulysses,James Joyce,1922,null,http://www.loyalbooks.com/download/text/Ulysses-by-James-Joyce.txt,0.114991,0.11474,0.161588,0.501193,0.140373,0.098608,0.570834,0.137733,0.132425,0.118248,0.12902,0.132998,0.15637,0.599313,0.11985,0.537397,0.594885,0.466007,0.551478,0.572437,0.528079,0.163022,0.538817,0.525762,0.528752
A Sentimental Journey through France and Italy,Laurence Sterne,1768,Great Britain,http://www.loyalbooks.com/download/text/Sentimental-Journey-Through-France-and-Italy.txt,0.117601,0.11311,0.133521,0.116491,0.460484,0.093432,0.098199,0.527102,0.11039,0.123476,0.098531,0.153437,0.106185,0.120505,0.162659,0.587338,0.624319,0.599993,0.550966,0.570021,0.572648,0.568537,0.521643,0.536575,0.501016
Lord Jim,Joseph Conrad,1900,Britain,http://www.loyalbooks.com/download/text/Lord-Jim-by-Joseph-Conrad.txt,0.130901,0.136426,0.157483,0.120573,0.124862,0.116562,0.085579,0.123932,0.083451,0.099603,0.171216,0.545568,0.560555,0.644467,0.118879,0.521161,0.549348,0.535715,0.531972,0.516504,0.501645,0.587592,0.548027,0.137939,0.192819
Spirit of the Border,Zane Grey,1906,United States,http://www.loyalbooks.com/download/text/Spirit-of-the-Border.txt,0.110025,0.567049,0.125811,0.136424,0.10744,0.09528,0.147771,0.131966,0.101714,0.111551,0.625579,0.628457,0.12251,0.141363,0.144728,0.617023,0.52786,0.644132,0.580452,0.62005,0.529282,0.616933,0.587395,0.211502,0.55745
Washington Square,Henry James,1880,United States,http://www.loyalbooks.com/download/text/Washington-Square-by-Henry-James.txt,0.122223,0.479977,0.142154,0.138954,0.156766,0.084796,0.121288,0.13712,0.092479,0.123282,0.121867,0.12133,0.126757,0.15237,0.15465,0.613215,0.583963,0.583042,0.592835,0.521217,0.485595,0.5436,0.595274,0.544564,0.570255
Love Among the Chickens,P. G. Wodehouse,1906,United Kingdom,http://www.loyalbooks.com/download/text/Love-Among-the-Chickens-by-P-G-Wodehouse.txt,0.154912,0.140163,0.145178,0.55319,0.629151,0.108907,0.141212,0.100443,0.137094,0.653264,0.117465,0.118282,0.149306,0.13724,0.632146,0.632832,0.544962,0.571769,0.583328,0.56532,0.509521,0.523992,0.473427,0.582825,0.561796
The Man Who Knew Too Much and other stories,G. K. Chesterton,1922,United Kingdom,http://www.loyalbooks.com/download/text/The-Man-Who-Knew-Too-Much-by-G-K-Chesterton.txt,0.167665,0.12137,0.178529,0.167836,0.150657,0.15396,0.146111,0.136615,0.142039,0.145754,0.168274,0.131743,0.594585,0.140538,0.561637,0.559665,0.577988,0.496399,0.520624,0.559875,0.544937,0.51507,0.573734,0.547646,0.561763
The Secret Garden,Frances Hodgson Burnett,1911,United States,http://www.loyalbooks.com/download/text/The-Secret-Garden-by-Frances-Hodgson-Burnett.txt,0.518119,0.097179,0.116619,0.12851,0.09682,0.585669,0.100882,0.098109,0.120015,0.065079,0.132359,0.151389,0.147672,0.133385,0.095809,0.61425,0.579229,0.614959,0.585987,0.653246,0.198991,0.578161,0.51915,0.559524,0.181519
The Confidence-Man,Herman Melville,1857,United States,http://www.loyalbooks.com/download/text/Confidence-Man-His-Masquerade.txt,0.08605,0.126272,0.131108,0.1496,0.1278,0.096998,0.516833,0.118161,0.161519,0.139899,0.123558,0.141788,0.098806,0.134282,0.440271,0.594872,0.591967,0.579716,0.547607,0.611404,0.501766,0.507259,0.177751,0.524012,0.52276
Around the Moon,Jules Verne,1873,France,http://www.loyalbooks.com/download/text/Round-the-Moon-by-Jules-Verne.txt,0.146297,0.105997,0.140826,0.150413,0.131592,0.101349,0.496876,0.114617,0.106173,0.078709,0.133675,0.116262,0.122847,0.176258,0.140224,0.555536,0.573102,0.541188,0.498479,0.485222,0.187162,0.153433,0.525536,0.468395,0.55047
Jacob's Room,Virginia Woolf,1922,United Kingdom,http://www.loyalbooks.com/download/text/Jacobs-Room.txt,0.128957,0.107846,0.141731,0.478398,0.500197,0.112398,0.145097,0.169579,0.149337,0.129148,0.164586,0.139191,0.148293,0.158596,0.150166,0.496383,0.563222,0.563519,0.520056,0.557128,0.525164,0.52104,0.54598,0.552773,0.602416
The Innocents Abroad or The New Pilgrims' Progress,Mark Twain,1869,United States,http://www.loyalbooks.com/download/text/The-Innocents-Abroad-by-Mark-Twain.txt,0.131444,0.102967,0.109862,0.119892,0.117369,0.114714,0.107558,0.086574,0.11374,0.137107,0.091724,0.130258,0.147614,0.136445,0.135348,0.649964,0.623737,0.590362,0.603999,0.597817,0.169008,0.220039,0.481312,0.515858,0.513652
The Souls of Black Folk: Essays and Sketches,W. E. B. Du Bois,1903,United States,http://www.loyalbooks.com/download/text/Souls-of-Black-Folks-by-Web-Du-Bois.txt,0.112678,0.118198,0.152228,0.153012,0.146031,0.109418,0.09094,0.147049,0.138039,0.133555,0.130283,0.09925,0.160744,0.143802,0.505715,0.567909,0.60395,0.559189,0.554804,0.621342,0.550789,0.562725,0.552588,0.541484,0.57749
The Survivors,Tom Godwin,1958,United States,http://www.loyalbooks.com/download/text/Space-Prison.txt,0.163125,0.122477,0.130691,0.114334,0.137726,0.13709,0.100589,0.077227,0.101354,0.111545,0.165318,0.600642,0.185676,0.163506,0.163466,0.56024,0.526072,0.534089,0.528984,0.526736,0.510906,0.545036,0.580971,0.527857,0.509747
The Haunted Bookshop,Christopher Morley,1919,United States,http://www.loyalbooks.com/download/text/The-Haunted-Bookshop-by-Christopher-Morley.txt,0.137592,0.121021,0.120388,0.152541,0.179646,0.121597,0.097718,0.104622,0.130683,0.11971,0.137354,0.117331,0.122898,0.595837,0.132218,0.62131,0.552642,0.601066,0.560619,0.540371,0.508018,0.502662,0.519767,0.598669,0.516092
Tarzan of the Apes,Edgar Rice Burroughs,1912,United States,http://www.loyalbooks.com/download/text/Tarzan-of-the-Apes.txt,0.17008,0.140477,0.125851,0.106226,0.145908,0.130933,0.474642,0.133452,0.115583,0.155105,0.636008,0.615909,0.583235,0.492642,0.117603,0.593025,0.601892,0.54058,0.628416,0.567823,0.514305,0.496736,0.578182,0.569572,0.524183
Operation: Outer Space,Murray Leinster,1954,United States,http://www.loyalbooks.com/download/text/Operation-Outer-Space.txt,0.113055,0.145003,0.518359,0.119015,0.209022,0.100725,0.091269,0.12739,0.076918,0.148293,0.1452,0.109688,0.62135,0.134672,0.174348,0.54534,0.566565,0.558433,0.59235,0.532352,0.488218,0.546563,0.598532,0.441867,0.562992
HMS Bounty,null,null,null,http://www.loyalbooks.com/download/text/Seizure-of-H-M-S-Bounty.txt,0.143709,0.51621,0.140382,0.105143,0.148911,0.155507,0.494229,0.121496,0.095017,0.149796,0.095919,0.162443,0.113644,0.536593,0.124345,0.622625,0.556453,0.580797,0.570872,0.533985,0.44932,0.55181,0.569919,0.539686,0.551
The Princess and the Goblin,George MacDonald,1872,United Kingdom,http://www.loyalbooks.com/download/text/Princess-and-the-Goblin-by-George-Macdonald-3.txt,0.135741,0.112387,0.129531,0.118578,0.17953,0.114909,0.098131,0.130354,0.103789,0.136047,0.128022,0.567734,0.584947,0.566956,0.544319,0.575282,0.601831,0.561571,0.604881,0.524667,0.529017,0.563054,0.513457,0.567433,0.504156
The Small House at Allington,Anthony Trollope,1862,England,http://www.loyalbooks.com/download/text/Small-House-at-Allington.txt,0.121757,0.582689,0.665212,0.159328,0.124184,0.10147,0.467084,0.086473,0.129364,0.078588,0.098063,0.576123,0.142408,0.161011,0.114027,0.632331,0.580615,0.584123,0.583891,0.602225,0.482518,0.568243,0.573188,0.544612,0.551028
The Man Who Was Thursday: A Nightmare,G. K. Chesterton,1908,United Kingdom,http://www.loyalbooks.com/download/text/The-Man-Who-Was-Thursday-a-Nightmare-by-Gk-Chesterton.txt,0.148652,0.200848,0.195875,0.166946,0.15319,0.130173,0.148672,0.1665,0.144308,0.512045,0.472303,0.57549,0.177975,0.613156,0.143732,0.592676,0.479318,0.558422,0.554798,0.576643,0.539839,0.578049,0.495678,0.513035,0.603897
The Second Jungle Book,Rudyard Kipling,1895,United Kingdom,http://www.loyalbooks.com/download/text/The-Second-Jungle-Book-by-Rudyard-Kipling.txt,0.138449,0.202791,0.150499,0.113695,0.146389,0.12156,0.151032,0.151237,0.528505,0.537017,0.170879,0.568211,0.146559,0.157116,0.197571,0.590601,0.517382,0.551123,0.582753,0.566344,0.568404,0.589516,0.218545,0.532925,0.553799
She and Allan,H. Rider Haggard,1921,United Kingdom,http://www.loyalbooks.com/download/text/She-and-Allan-by-H-Rider-Haggard.txt,0.127993,0.561121,0.179727,0.201775,0.143718,0.449675,0.143722,0.464099,0.113265,0.116363,0.183494,0.161618,0.204941,0.506853,0.51265,0.535656,0.518806,0.539496,0.520835,0.558737,0.582274,0.547887,0.561445,0.545917,0.532034
Rinkitink in Oz,L. Frank Baum,1916,United States,http://www.loyalbooks.com/download/text/Rinkitink-in-Oz-by-L-Frank-Baum.txt,0.132105,0.1929,0.143623,0.160809,0.130646,0.105803,0.143106,0.111895,0.089672,0.131775,0.131679,0.163299,0.119655,0.146231,0.575028,0.611352,0.585231,0.612253,0.644151,0.554677,0.48184,0.494045,0.527433,0.545041,0.558286
Voodoo Planet,Andre Norton,1959,United States,http://www.loyalbooks.com/download/text/Voodoo-Planet-by-Andre-Norton.txt,0.145862,0.17421,0.101451,0.136572,0.124927,0.094591,0.171696,0.487741,0.114033,0.085046,0.158839,0.19368,0.18199,0.164766,0.121125,0.531939,0.521159,0.590064,0.244963,0.553398,0.494398,0.509115,0.194622,0.233941,0.183361
History of the Great War Based on Official Documents by Direction of the Committee of Imperial Defence,Title page of Military Operations France and Belgium 1914: Mons the Retreat to the Seine the Marne and the Aisne August–October 1914 (3rd revised edition 1937) Volumes Principal Events 1914–1918 Military Operations The Occupation of Constantinople 1918–1923 The Occupation of the Rhineland 1918–1929 Order of Battle of Divisions Statistics of the Military Effort of the British Empire During the Great War 1914–1920 Transportation on the Western Front 1914–1918 The War in the Air Naval Operations Seaborne Trade The Merchant Navy History of the Ministry of Munitions Medical and veterinary Additional volumes Authors James Edmonds Walter Raleigh Henry Jones Julian Corbett Henry Newbolt Archibald Hurd Charles Fayle Archbald Bell William Macpherson Thomas Mitchell G. M. Smith William Leishman Stevenson Cummins W. P. Herringham T. R. Elliott A. Balfour Anthony Bowlby Cuthbert Wallace Crisp English Layton Blenkinsop John Rainey,1922,Britain,http://www.loyalbooks.com/download/text/School-History-of-the-Great-War.txt,0.162305,0.126852,0.152943,0.118439,0.113798,0.097118,0.098842,0.094273,0.119198,0.12128,0.117326,0.148085,0.184494,0.129211,0.10355,0.539176,0.552513,0.538885,0.542079,0.520316,0.215041,0.518123,0.470192,0.520412,0.511373
The Amateur Cracksman,E. W. Hornung,1899,United Kingdom,http://www.loyalbooks.com/download/text/The-Amateur-Cracksman-by-Ew-Hornung.txt,0.16342,0.146301,0.147832,0.576851,0.179964,0.147938,0.131008,0.482431,0.181909,0.475921,0.527781,0.447934,0.565576,0.4575,0.186383,0.539791,0.506362,0.508637,0.570842,0.549853,0.526742,0.647762,0.595752,0.538353,0.520362
Anticipations,H. G. Wells,1901,United Kingdom,http://www.loyalbooks.com/download/text/Anticipations-by-H-G-Wells.txt,0.115849,0.130295,0.144132,0.194346,0.111848,0.087864,0.10163,0.143183,0.114653,0.141867,0.112438,0.144635,0.118801,0.507435,0.153129,0.638928,0.546196,0.591829,0.488092,0.533291,0.198941,0.20554,0.501694,0.566407,0.530291
Niels Klim's Underground Travels,Ludvig Holberg,1741,Norway,http://www.loyalbooks.com/download/text/Niels-Klims-Journey-Under-the-Ground-by-Baron-Ludvig-Holberg.txt,0.516125,0.14152,0.13358,0.167952,0.164638,0.101014,0.117104,0.087734,0.156793,0.446287,0.096759,0.139652,0.139425,0.127585,0.120075,0.565066,0.565375,0.61057,0.587865,0.54637,0.18201,0.550178,0.545853,0.548286,0.534206
The Beasts of Tarzan,Edgar Rice Burroughs,1914,United States,http://www.loyalbooks.com/download/text/The-Beasts-of-Tarzan.txt,0.128341,0.134553,0.546204,0.571254,0.132051,0.140089,0.160592,0.539418,0.152778,0.105921,0.585109,0.512136,0.543483,0.559233,0.563707,0.57804,0.541462,0.559967,0.500565,0.536155,0.503692,0.512922,0.557749,0.584261,0.511411
Dragons Elves and Heroes,Edited by Lin Carter,1969,United States,http://www.loyalbooks.com/download/text/Elves-and-Heroes.txt,0.123633,0.122224,0.104037,0.131485,0.132751,0.506432,0.107803,0.112099,0.121167,0.108934,0.142454,0.147867,0.145062,0.556233,0.181622,0.614167,0.60833,0.521142,0.554055,0.600969,0.594306,0.538961,0.586606,0.540844,0.572396
The Hunting of the Snark,Lewis Carroll,1876,United Kingdom,http://www.loyalbooks.com/download/text/The-Hunting-of-the-Snark-by-Lewis-Carroll-2.txt,0.562006,0.112066,0.154972,0.184999,0.153207,0.127257,0.070242,0.158845,0.122358,0.469028,0.129033,0.522919,0.188893,0.154392,0.62158,0.545698,0.580911,0.599293,0.588208,0.635066,0.580276,0.613283,0.502999,0.542933,0.53634
On the Origin of Species,Charles Darwin,1859,United Kingdom of Great Britain and Ireland,http://www.loyalbooks.com/download/text/The-Origin-of-Species-by-Charles-Darwin.txt,0.099725,0.075301,0.134248,0.118395,0.145543,0.117175,0.067317,0.485123,0.125676,0.132494,0.095355,0.077169,0.119507,0.106889,0.121805,0.567015,0.590629,0.561812,0.596853,0.566658,0.479996,0.457914,0.203872,0.498594,0.208557
The Magnificent Ambersons,Booth Tarkington,1918,United States,http://www.loyalbooks.com/download/text/The-Magnificent-Ambersons-by-Booth-Tarkington.txt,0.128663,0.138964,0.144795,0.122124,0.189507,0.147142,0.100014,0.148319,0.102784,0.122481,0.103777,0.093167,0.148243,0.566206,0.168178,0.533361,0.626026,0.549704,0.576976,0.133088,0.208324,0.551128,0.577407,0.558917,0.596292
Republic,Plato,null,Ancient Greece,http://www.loyalbooks.com/download/text/Platos-Republic.txt,0.136427,0.094856,0.147691,0.090483,0.104627,0.071635,0.08493,0.107273,0.07464,0.100652,0.104095,0.092445,0.105987,0.087155,0.078799,0.598425,0.593647,0.587374,0.585355,0.597967,0.4818,0.470475,0.504996,0.547988,0.166448
The Mysterious Island,Jules Verne,1874,France,http://www.loyalbooks.com/download/text/The-Mysterious-Island-by-Jules-Verne.txt,0.178727,0.157304,0.168205,0.127886,0.152454,0.11346,0.114786,0.087533,0.086515,0.109591,0.169601,0.145352,0.142465,0.457696,0.596851,0.54595,0.511482,0.543648,0.577278,0.556065,0.522975,0.52595,0.501156,0.526529,0.475996
Gitanjali Song Offerings,Rabindranath Tagore,1912,India,http://www.loyalbooks.com/download/text/Gitanjali-Rabindranath-Tagore.txt,0.07496,0.146666,0.126415,0.092722,0.104995,0.052988,0.102766,0.078379,0.068606,0.069419,0.109966,0.18205,0.157573,0.128314,0.13631,0.686148,0.574102,0.601578,0.641656,0.641718,0.567484,0.610499,0.619009,0.583858,0.595048
Dead Souls,Nikolai Gogol,null,Russian Empire,http://www.loyalbooks.com/download/text/Dead-Souls-by-Gogol-Trans-Hogarth.txt,0.121742,0.162629,0.132564,0.150939,0.148844,0.104483,0.163135,0.147638,0.114838,0.106071,0.123889,0.170089,0.415901,0.115041,0.147154,0.585451,0.555152,0.589522,0.587708,0.598668,0.555608,0.484607,0.565756,0.529479,0.513269
An Antarctic Mystery,Jules Verne,1898,France,http://www.loyalbooks.com/download/text/An-Antarctic-Mystery-or-the-Sphinx-of-the-Ice-Fields.txt,0.098986,0.141687,0.132741,0.188242,0.17706,0.103111,0.110259,0.143919,0.088918,0.15934,0.111223,0.127084,0.139327,0.138697,0.177962,0.568338,0.564134,0.493387,0.537162,0.609056,0.456066,0.531604,0.576495,0.544541,0.506993
Victory: An Island Tale,Joseph Conrad,1915,null,http://www.loyalbooks.com/download/text/Victory-An-Island-Tale.txt,0.133338,0.574156,0.121949,0.134573,0.133879,0.088995,0.140736,0.119601,0.114816,0.144226,0.127916,0.512936,0.135797,0.159691,0.536043,0.598453,0.589128,0.530805,0.582449,0.568841,0.228165,0.566124,0.562201,0.559354,0.544472
The War of the Worlds,H. G. Wells,1898,United Kingdom,http://www.loyalbooks.com/download/text/War-of-the-Worlds-by-H-G-Wells.txt,0.134419,0.533136,0.200884,0.541997,0.545085,0.141556,0.549665,0.150875,0.130528,0.129099,0.134346,0.204092,0.575629,0.188095,0.195815,0.564525,0.446583,0.471552,0.527287,0.516916,0.490289,0.541388,0.60697,0.566554,0.601882
The Scarecrow of Oz,L. Frank Baum,1915,United States,http://www.loyalbooks.com/download/text/Scarecrow-of-Oz-by-L-Frank-Baum.txt,0.110653,0.149703,0.135845,0.147694,0.12534,0.13057,0.123162,0.12045,0.129869,0.127752,0.096967,0.153443,0.516367,0.535124,0.615466,0.624958,0.563467,0.643068,0.602429,0.651175,0.534274,0.566625,0.191117,0.534427,0.590415
A Portrait of the Artist as a Young Man,James Joyce,1916,null,http://www.loyalbooks.com/download/text/Art-of-Becoming-a-Man.txt,0.117981,0.102198,0.130877,0.106625,0.147886,0.110208,0.098557,0.531338,0.090669,0.128445,0.103328,0.086698,0.108108,0.100374,0.137241,0.557179,0.615862,0.606207,0.533964,0.529205,0.570303,0.17609,0.470675,0.521462,0.554922
Confessions of an English Opium-Eater,Thomas De Quincey,1821,England,http://www.loyalbooks.com/download/text/Confessions-of-An-English-Opium-Eater-by-Thomas-De-Quincey.txt,0.120891,0.095828,0.575509,0.097287,0.051716,0.099858,0.550192,0.634889,0.107359,0.059445,0.573592,0.553847,0.564512,0.536049,0.098028,0.549168,0.566479,0.603999,0.612431,0.505313,0.581388,0.592605,0.67138,0.241058,0.525152
Plague Ship,Andrew North,1956,United States,http://www.loyalbooks.com/download/text/Plague-Ship-by-Andre-Norton.txt,0.176282,0.119815,0.150602,0.470524,0.134961,0.122332,0.094994,0.103855,0.099109,0.116693,0.1451,0.133282,0.151627,0.138403,0.172317,0.568597,0.609603,0.190948,0.462087,0.520942,0.514353,0.503992,0.584643,0.567501,0.566099
Letters of Two Brides,Honoré de Balzac,1902,France,http://www.loyalbooks.com/download/text/Letters-of-Two-Brides-by-Honore-De-Balzac.txt,0.093633,0.080404,0.108736,0.110734,0.120022,0.06092,0.081311,0.071365,0.076015,0.103596,0.101004,0.079449,0.108155,0.091492,0.135715,0.648055,0.666297,0.668034,0.592817,0.648876,0.514641,0.519441,0.531717,0.618371,0.539515
Further Chronicles of Avonlea,Lucy Maud Montgomery,1920,Canada,http://www.loyalbooks.com/download/text/Further-Chronicles-of-Avonlea-by-Lm-Montgomery.txt,0.496039,0.102083,0.116323,0.143602,0.142535,0.12374,0.080297,0.125287,0.122313,0.13226,0.119199,0.474642,0.132552,0.63739,0.166139,0.588239,0.61051,0.569312,0.580647,0.62101,0.542406,0.595487,0.5515,0.58798,0.559847
Shirley,Charlotte Brontë,1849,United Kingdom,http://www.loyalbooks.com/download/text/Shirley-Charlotte-Bronte.txt,0.125793,0.463121,0.127266,0.146008,0.550472,0.111872,0.472004,0.106285,0.120676,0.125098,0.097402,0.12916,0.145327,0.16313,0.1413,0.564557,0.620928,0.525178,0.536658,0.582208,0.171448,0.185694,0.572376,0.570067,0.217915
Resurrection,Leo Tolstoy,1900,Russia,http://www.loyalbooks.com/download/text/Resurrection-Leo-Tolstoy.txt,0.171394,0.589432,0.142629,0.147327,0.57393,0.138894,0.593804,0.134057,0.452705,0.124369,0.146135,0.185601,0.48737,0.121417,0.140856,0.572864,0.582027,0.567932,0.553676,0.56261,0.538736,0.593131,0.551476,0.514931,0.562985
The Red House Mystery,A. A. Milne,1922,United Kingdom,http://www.loyalbooks.com/download/text/The-Red-House-Mystery-by-a-A-Milne.txt,0.153829,0.203236,0.146722,0.154973,0.13809,0.08467,0.118729,0.0866,0.108371,0.116817,0.525456,0.559779,0.640311,0.152297,0.152221,0.553184,0.559485,0.540433,0.54872,0.565815,0.519872,0.590715,0.55662,0.530577,0.527105
Summa Theologica,Thomas Aquinas,1485,null,http://www.loyalbooks.com/download/text/Summa-Theologica-Prima-Pars-Questions-1-26-by-Thomas-Aquinas.txt,0.083695,0.107634,0.097222,0.076084,0.103057,0.08316,0.072102,0.065893,0.055982,0.483415,0.074235,0.073562,0.064415,0.071389,0.104309,0.572031,0.651132,0.549008,0.605152,0.598248,0.520821,0.449012,0.155193,0.143953,0.158356
The Good Soldier,Ford Madox Ford,1915,United Kingdom,http://www.loyalbooks.com/download/text/Good-Soldier.txt,0.125947,0.195614,0.123689,0.113965,0.151149,0.132567,0.130389,0.111003,0.120489,0.109281,0.166265,0.562427,0.49171,0.123889,0.61243,0.551981,0.481336,0.573207,0.588427,0.573182,0.585848,0.564562,0.576276,0.537483,0.583965
The Private Life of the late Benjamin Franklin,Benjamin Franklin,1793,France,http://www.loyalbooks.com/download/text/The-Autobigraphy-of-Benjamin-Franklin-Ed-by-Frank-Woodworth-Pine.txt,0.498535,0.127009,0.133235,0.162561,0.160564,0.128323,0.109015,0.512418,0.12582,0.502456,0.10358,0.10484,0.114656,0.118402,0.097266,0.551278,0.600187,0.57598,0.201829,0.580204,0.482738,0.531063,0.206437,0.199779,0.510659
Following the Equator,Mark Twain,1897,United States,http://www.loyalbooks.com/download/text/Following-the-Equator-Journey-Around-the-World.txt,0.125859,0.111551,0.137667,0.133451,0.118704,0.092596,0.107784,0.51634,0.498759,0.128775,0.083002,0.103185,0.12864,0.12184,0.571951,0.613172,0.570913,0.573022,0.520617,0.563834,0.529419,0.208995,0.208843,0.58981,0.550703
Little Men,Louisa May Alcott,1871,United States,http://www.loyalbooks.com/download/text/Little-Men-by-Louisa-May-Alcott.txt,0.098227,0.165687,0.140119,0.14221,0.134005,0.079867,0.135728,0.110456,0.124043,0.105971,0.080014,0.545306,0.522554,0.119591,0.109734,0.650559,0.55856,0.566459,0.570012,0.660455,0.46112,0.515666,0.506952,0.581472,0.182178
Lady Susan,Jane Austen,null,United Kingdom,http://www.loyalbooks.com/download/text/Lady-Susan-by-Jane-Austen.txt,0.145672,0.453911,0.560813,0.169296,0.096584,0.136535,0.124481,0.135047,0.118076,0.477836,0.143526,0.137536,0.515649,0.132056,0.617175,0.566344,0.580642,0.558634,0.596939,0.533146,0.538438,0.51799,0.528856,0.547979,0.583978
Anabasis,Xenophon,null,Greece,http://www.loyalbooks.com/download/text/Xenophons-Anabasis.txt,0.168904,0.150412,0.158499,0.144691,0.135712,0.10047,0.131288,0.154783,0.148212,0.136327,0.141778,0.173187,0.174728,0.145719,0.546641,0.595376,0.597959,0.545809,0.53804,0.536877,0.525582,0.52584,0.522388,0.507164,0.550042
The Book of Wonder,Lord Dunsany,1912,Ireland and also the United Kingdom,http://www.loyalbooks.com/download/text/The-Book-of-Wonder-by-Lord-Dunsany.txt,0.164579,0.131038,0.116244,0.132293,0.445382,0.533887,0.107399,0.115583,0.122059,0.123653,0.64387,0.19594,0.558377,0.136991,0.147058,0.589025,0.571001,0.542687,0.597628,0.55603,0.572402,0.561998,0.554251,0.505741,0.570411
Clarissa or The History of a Young Lady,Samuel Richardson,1748,Britain,http://www.loyalbooks.com/download/text/Clarissa-or-the-History-of-a-Young-Lady-vol-1-by-Samuel-Richardson.txt,0.119027,0.146165,0.549082,0.182142,0.461498,0.136268,0.122759,0.115865,0.492399,0.129016,0.092555,0.14465,0.115338,0.12492,0.120987,0.628013,0.604832,0.477398,0.535559,0.588494,0.227423,0.486811,0.613263,0.536939,0.537169
Anne's House of Dreams,Lucy Maud Montgomery,1917,Canada,http://www.loyalbooks.com/download/text/Annes-House-of-Dreams-by-Lucy-Maud-Montgomery.txt,0.103181,0.11181,0.138542,0.152193,0.162112,0.082833,0.10134,0.12544,0.118415,0.11388,0.11596,0.147351,0.183502,0.12344,0.125243,0.627665,0.575523,0.575686,0.563241,0.600665,0.491676,0.586198,0.602657,0.545577,0.563612
The Expedition of Humphry Clinker,Tobias Smollett,1771,United Kingdom,http://www.loyalbooks.com/download/text/The-Expedition-of-Humphry-Clinker-by-Tobias-Smollett.txt,0.507697,0.113894,0.14781,0.1396,0.146537,0.661533,0.129645,0.553154,0.11063,0.127458,0.604252,0.120601,0.152955,0.127248,0.144506,0.547959,0.638061,0.541761,0.589699,0.564461,0.549298,0.528963,0.478483,0.490016,0.605892
In Search of the Castaways,Jules Verne,1873,France,http://www.loyalbooks.com/download/text/In-Search-of-the-Castaways-by-Jules-Verne.txt,0.139361,0.142929,0.140278,0.140997,0.610758,0.500827,0.134718,0.100108,0.090195,0.163835,0.137369,0.530048,0.124798,0.155398,0.522567,0.578542,0.544799,0.577701,0.536189,0.518997,0.538944,0.513158,0.263482,0.542772,0.534423
Andrew Lang's Fairy Books,Andrew Lang,1889,null,http://www.loyalbooks.com/download/text/Green-Fairy-Book.txt,0.149997,0.095365,0.446947,0.117513,0.123356,0.110593,0.078439,0.113274,0.090082,0.12788,0.119316,0.111506,0.141792,0.135679,0.541493,0.635618,0.62551,0.564935,0.616089,0.603882,0.536135,0.604187,0.554968,0.588135,0.48027
The Door Through Space,Marion Zimmer Bradley,1961,United States,http://www.loyalbooks.com/download/text/The-Door-Through-Space-by-Marion-Zimmer-Bradley.txt,0.117263,0.135422,0.153897,0.485739,0.134739,0.079845,0.122281,0.170346,0.186002,0.09792,0.126202,0.58806,0.208956,0.152892,0.152045,0.612834,0.56124,0.468771,0.540397,0.505756,0.550519,0.481714,0.257565,0.525909,0.226536
The Thirty-Nine Steps,John Buchan,1915,United Kingdom,http://www.loyalbooks.com/download/text/The-Thirty-Nine-Steps-by-John-Buchan.txt,0.128799,0.154225,0.182112,0.157193,0.165299,0.102111,0.155888,0.50992,0.158754,0.472959,0.123025,0.187556,0.216067,0.56599,0.15306,0.587618,0.504113,0.433549,0.489288,0.56097,0.583034,0.56331,0.539987,0.552916,0.542236
The First Men in the Moon,H. G. Wells,1901,United Kingdom,http://www.loyalbooks.com/download/text/The-First-Men-in-the-Moon-by-Hg-Wells.txt,0.139337,0.136469,0.177497,0.137038,0.149137,0.113011,0.128549,0.126784,0.091236,0.094438,0.159922,0.529375,0.220742,0.141417,0.126626,0.573104,0.524062,0.459747,0.579936,0.58763,0.500518,0.516543,0.523801,0.517405,0.546791
Thoughts for the Time of War and Death,Sigmund Freud,null,null,http://www.loyalbooks.com/download/text/Reflections-on-War-and-Death-by-Sigmund-Freud.txt,0.160269,0.162471,0.150119,0.144187,0.167215,0.098948,0.120207,0.122955,0.084953,0.129543,0.114527,0.120481,0.541893,0.468809,0.164837,0.575713,0.572141,0.489123,0.522596,0.560552,0.609991,0.471602,0.600017,0.661463,0.569822
War and Peace,Leo Tolstoy,1865,Russia,http://www.loyalbooks.com/download/text/War-and-Peace-by-Leo-Tolstoy.txt,0.128503,0.18054,0.556093,0.456197,0.127485,0.112192,0.095155,0.109414,0.107372,0.088201,0.130957,0.175956,0.128345,0.171315,0.161518,0.595097,0.51105,0.612486,0.593443,0.624728,0.545597,0.577636,0.545109,0.587796,0.541931
Howards End,E. M. Forster,1910,United Kingdom,http://www.loyalbooks.com/download/text/Howards-End-by-E-M-Forster.txt,0.131047,0.147649,0.136305,0.51641,0.125016,0.099122,0.448162,0.097824,0.117515,0.106482,0.119361,0.115553,0.104591,0.120711,0.166421,0.539432,0.594714,0.58609,0.554266,0.514783,0.527218,0.573328,0.586481,0.505274,0.580412
The Iron Heel,Jack London,1908,United States,http://www.loyalbooks.com/download/text/Iron-Heel-Jack-London.txt,0.483636,0.665048,0.535766,0.141993,0.131707,0.131986,0.091669,0.105077,0.105483,0.124988,0.13047,0.101038,0.141703,0.459083,0.142933,0.566175,0.568551,0.516734,0.574362,0.544291,0.222741,0.555447,0.571082,0.555855,0.532188
Walden,Henry David Thoreau,1854,United States,http://www.loyalbooks.com/download/text/Walden-by-Henry-David-Thoreau.txt,0.112348,0.126029,0.136312,0.12949,0.103943,0.150937,0.086109,0.112269,0.131051,0.118228,0.136972,0.160118,0.470787,0.153271,0.155347,0.595176,0.615396,0.601989,0.636558,0.556624,0.513271,0.513892,0.571575,0.481006,0.545057
Women in Love,D. H. Lawrence,1920,null,http://www.loyalbooks.com/download/text/Women-in-Love-by-D-H-Lawrence.txt,0.123464,0.152778,0.575887,0.120815,0.071032,0.121836,0.162974,0.134073,0.082751,0.088963,0.11234,0.634956,0.608987,0.121806,0.135672,0.555759,0.552257,0.566005,0.593182,0.665027,0.452417,0.575337,0.576039,0.520265,0.496852
Andrew Lang's Fairy Books,Andrew Lang,1889,null,http://www.loyalbooks.com/download/text/Brown-Fairy-Book-by-Andrew-Lang.txt,0.152098,0.140544,0.104179,0.163764,0.07366,0.165287,0.624216,0.126943,0.11052,0.09291,0.534696,0.643997,0.154486,0.608559,0.105495,0.607485,0.554517,0.585359,0.58417,0.680927,0.527666,0.538836,0.542031,0.574238,0.561219
The Black Robe,Wilkie Collins,1881,United Kingdom,http://www.loyalbooks.com/download/text/Black-Robe-Wilkie-Collins.txt,0.133367,0.121866,0.155849,0.48382,0.120822,0.141419,0.113777,0.09801,0.124332,0.116415,0.600801,0.135909,0.124974,0.138038,0.106116,0.511681,0.554425,0.588099,0.547997,0.551783,0.51249,0.557023,0.560529,0.582684,0.547422
The Getting of Wisdom,Henry Handel Richardson,1910,Australia,http://www.loyalbooks.com/download/text/The-Getting-of-Wisdom-by-Henry-Handel-Richardson.txt,0.144863,0.187288,0.163808,0.131861,0.149677,0.150501,0.098641,0.501549,0.126768,0.143278,0.136612,0.149261,0.189658,0.581135,0.463479,0.580401,0.559133,0.547655,0.598008,0.582,0.524246,0.594936,0.57458,0.536446,0.611784
Around the World in Eighty Days,Jules Verne,1873,Preceded by The Fur Country,http://www.loyalbooks.com/download/text/Around-the-World-in-80-Days-by-Jules-Verne.txt,0.456456,0.123764,0.132384,0.122977,0.180071,0.149571,0.131417,0.133673,0.118562,0.13875,0.119209,0.094335,0.111628,0.135679,0.164606,0.555268,0.606993,0.569209,0.569807,0.151519,0.501412,0.47117,0.541323,0.538826,0.603465
